plate_barcode,well_description,image_description,object_description,pattern_description,channel_description,Intensity_first_quartile,Intensity_integrated,Intensity_maximum,Intensity_mean,Intensity_median,Intensity_median_absolute_deviation,Intensity_minimum,Intensity_standard_deviation,Intensity_third_quartile
110000106828,A08,16,644,Cells,Alexa568,0.246065466358875,0.16971564407615,0.307837272912515,0.1625696169277,0.1516748112751,0.0945701278118516,0.00920162664452935,0.24318371379397,0.0951149888098859
110000106828,A08,16,490,Cells,Alexa568,0.122534300981138,0.317101760155357,0.215784272627121,0.0510538768159192,0.0446590109063789,0.0217335302046317,0.404205506773998,0.152036640166178,0.0286405102116413
110000106828,A08,16,597,Cells,Alexa568,0.205865058162976,0.360029258789399,0.296361732365281,0.230855983336171,0.107780878060026,0.100733152498925,0.313639586393275,0.330735887321804,0.224276921316163
110000106828,A08,16,143,Cells,Alexa568,0.307006019156917,0.226887525539409,0.219451560828992,0.208821776557694,0.172075970921553,0.121811980058667,0.771856629870051,0.214466404761868,0.182341688800807
